Choice1,Choice2,Choice3,Choice4,Choice5,Choice6,Choice7,Choice8,Choice9
YooJin Lim,Jonathan Segal,Ellie Riser,Mimi Poulos,Catherine Zhu,Kole Pulley,Amelia Ulmer,Alex Colleran,Patrick Ruoff
YooJin Lim,Ellie Riser,Catherine Zhu,Mimi Poulos,Jonathan Segal,Alex Colleran,Amelia Ulmer,Patrick Ruoff,Kole Pulley
Ellie Riser,Jonathan Segal,YooJin Lim,Mimi Poulos,Amelia Ulmer,Catherine Zhu,Alex Colleran,Patrick Ruoff,Kole Pulley
Ellie Riser,Jonathan Segal,YooJin Lim,Catherine Zhu,Mimi Poulos,Amelia Ulmer,,,
Ellie Riser,YooJin Lim,Jonathan Segal,Kole Pulley,Mimi Poulos,Catherine Zhu,Amelia Ulmer,Patrick Ruoff,Alex Colleran
Ellie Riser,Kole Pulley,Jonathan Segal,YooJin Lim,Amelia Ulmer,Patrick Ruoff,Catherine Zhu,Mimi Poulos,Alex Colleran
Mimi Poulos,YooJin Lim,Kole Pulley,Catherine Zhu,Patrick Ruoff,Amelia Ulmer,Ellie Riser,Jonathan Segal,Alex Colleran
YooJin Lim,Mimi Poulos,Ellie Riser,Jonathan Segal,Catherine Zhu,,,,
Ellie Riser,Jonathan Segal,Amelia Ulmer,YooJin Lim,Catherine Zhu,Mimi Poulos,Alex Colleran,Kole Pulley,Patrick Ruoff
YooJin Lim,Ellie Riser,Jonathan Segal,Mimi Poulos,Catherine Zhu,Amelia Ulmer,Alex Colleran,Patrick Ruoff,Kole Pulley
Mimi Poulos,YooJin Lim,Catherine Zhu,Alex Colleran,Jonathan Segal,Ellie Riser,Amelia Ulmer,Patrick Ruoff,Kole Pulley
Mimi Poulos,YooJin Lim,Ellie Riser,Jonathan Segal,Amelia Ulmer,Catherine Zhu,Patrick Ruoff,Kole Pulley,Alex Colleran
YooJin Lim,Catherine Zhu,Ellie Riser,Amelia Ulmer,Mimi Poulos,Jonathan Segal,Alex Colleran,Patrick Ruoff,Kole Pulley
Amelia Ulmer,Ellie Riser,Jonathan Segal,Catherine Zhu,Patrick Ruoff,Mimi Poulos,Alex Colleran,YooJin Lim,Kole Pulley
Jonathan Segal,Patrick Ruoff,Alex Colleran,Kole Pulley,Amelia Ulmer,Ellie Riser,Catherine Zhu,Mimi Poulos,YooJin Lim
Mimi Poulos,Ellie Riser,Catherine Zhu,YooJin Lim,Jonathan Segal,Amelia Ulmer,Alex Colleran,Kole Pulley,Patrick Ruoff
Jonathan Segal,Ellie Riser,Amelia Ulmer,Alex Colleran,Patrick Ruoff,YooJin Lim,Catherine Zhu,Kole Pulley,Mimi Poulos
Jonathan Segal,Patrick Ruoff,Mimi Poulos,YooJin Lim,Kole Pulley,Ellie Riser,Amelia Ulmer,Catherine Zhu,Alex Colleran
Patrick Ruoff,Jonathan Segal,YooJin Lim,Amelia Ulmer,Kole Pulley,Catherine Zhu,Alex Colleran,Ellie Riser,Mimi Poulos
Ellie Riser,YooJin Lim,Mimi Poulos,Amelia Ulmer,Jonathan Segal,Catherine Zhu,Alex Colleran,Patrick Ruoff,Kole Pulley
Patrick Ruoff,Ellie Riser,YooJin Lim,Jonathan Segal,Catherine Zhu,Amelia Ulmer,Alex Colleran,Mimi Poulos,Kole Pulley
Patrick Ruoff,Mimi Poulos,Ellie Riser,Alex Colleran,Amelia Ulmer,Jonathan Segal,Kole Pulley,YooJin Lim,Catherine Zhu
Jonathan Segal,Patrick Ruoff,Alex Colleran,Kole Pulley,Ellie Riser,Amelia Ulmer,Catherine Zhu,Mimi Poulos,YooJin Lim
Jonathan Segal,Patrick Ruoff,Alex Colleran,Kole Pulley,Catherine Zhu,Amelia Ulmer,YooJin Lim,Mimi Poulos,Ellie Riser
YooJin Lim,Ellie Riser,Jonathan Segal,Catherine Zhu,Amelia Ulmer,Mimi Poulos,,Patrick Ruoff,Alex Colleran
Patrick Ruoff,Amelia Ulmer,Alex Colleran,Jonathan Segal,YooJin Lim,Mimi Poulos,Kole Pulley,Catherine Zhu,Ellie Riser
Mimi Poulos,YooJin Lim,Ellie Riser,Jonathan Segal,Kole Pulley,Catherine Zhu,Alex Colleran,Amelia Ulmer,Patrick Ruoff
YooJin Lim,Ellie Riser,Mimi Poulos,Alex Colleran,Kole Pulley,Amelia Ulmer,Patrick Ruoff,Catherine Zhu,Jonathan Segal
Jonathan Segal,Patrick Ruoff,Kole Pulley,Amelia Ulmer,Alex Colleran,Catherine Zhu,YooJin Lim,Ellie Riser,Mimi Poulos
Jonathan Segal,Patrick Ruoff,Amelia Ulmer,Kole Pulley,Alex Colleran,YooJin Lim,Catherine Zhu,Mimi Poulos,Ellie Riser
Kole Pulley,Alex Colleran,Patrick Ruoff,Jonathan Segal,YooJin Lim,Mimi Poulos,Amelia Ulmer,Ellie Riser,Catherine Zhu
Jonathan Segal,Amelia Ulmer,Alex Colleran,Ellie Riser,YooJin Lim,Mimi Poulos,Patrick Ruoff,Catherine Zhu,Kole Pulley
YooJin Lim,Mimi Poulos,Jonathan Segal,Catherine Zhu,Alex Colleran,Kole Pulley,Amelia Ulmer,Patrick Ruoff,Ellie Riser
Patrick Ruoff,Alex Colleran,Amelia Ulmer,Mimi Poulos,YooJin Lim,Jonathan Segal,Catherine Zhu,Kole Pulley,Ellie Riser
Jonathan Segal,Mimi Poulos,Alex Colleran,Patrick Ruoff,Amelia Ulmer,Kole Pulley,YooJin Lim,Catherine Zhu,Ellie Riser
Alex Colleran,Kole Pulley,Patrick Ruoff,Jonathan Segal,YooJin Lim,Catherine Zhu,Mimi Poulos,Amelia Ulmer,Ellie Riser
YooJin Lim,Mimi Poulos,Catherine Zhu,Jonathan Segal,Amelia Ulmer,,,,
YooJin Lim,Mimi Poulos,Catherine Zhu,Jonathan Segal,Amelia Ulmer,,,,
YooJin Lim,Catherine Zhu,Mimi Poulos,Jonathan Segal,Amelia Ulmer,Patrick Ruoff,Kole Pulley,Ellie Riser,Alex Colleran
YooJin Lim,Ellie Riser,Alex Colleran,Mimi Poulos,Catherine Zhu,Amelia Ulmer,Jonathan Segal,Patrick Ruoff,Kole Pulley
YooJin Lim,Mimi Poulos,Jonathan Segal,Catherine Zhu,Ellie Riser,Amelia Ulmer,Alex Colleran,Kole Pulley,Patrick Ruoff
Catherine Zhu,Mimi Poulos,YooJin Lim,Jonathan Segal,Amelia Ulmer,Patrick Ruoff,Alex Colleran,Ellie Riser,Kole Pulley
Ellie Riser,Patrick Ruoff,Alex Colleran,Mimi Poulos,YooJin Lim,Amelia Ulmer,Catherine Zhu,Jonathan Segal,Kole Pulley
YooJin Lim,Ellie Riser,Catherine Zhu,Mimi Poulos,Amelia Ulmer,Patrick Ruoff,Jonathan Segal,Alex Colleran,Kole Pulley
Ellie Riser,YooJin Lim,Jonathan Segal,Mimi Poulos,Catherine Zhu,Amelia Ulmer,Alex Colleran,Patrick Ruoff,Kole Pulley
Jonathan Segal,Mimi Poulos,Ellie Riser,Amelia Ulmer,YooJin Lim,Kole Pulley,Catherine Zhu,Alex Colleran,Patrick Ruoff
Mimi Poulos,Kole Pulley,YooJin Lim,Ellie Riser,Jonathan Segal,Patrick Ruoff,Amelia Ulmer,Alex Colleran,Catherine Zhu
Ellie Riser,Amelia Ulmer,Catherine Zhu,YooJin Lim,Jonathan Segal,Mimi Poulos,Patrick Ruoff,Kole Pulley,Alex Colleran
Alex Colleran,Kole Pulley,Patrick Ruoff,Catherine Zhu,Amelia Ulmer,Mimi Poulos,YooJin Lim,Ellie Riser,Jonathan Segal
Catherine Zhu,YooJin Lim,Ellie Riser,Mimi Poulos,Alex Colleran,Amelia Ulmer,Patrick Ruoff,Jonathan Segal,Kole Pulley
YooJin Lim,Catherine Zhu,Jonathan Segal,Mimi Poulos,Ellie Riser,Amelia Ulmer,Alex Colleran,Patrick Ruoff,Kole Pulley
Jonathan Segal,Patrick Ruoff,Amelia Ulmer,Mimi Poulos,Alex Colleran,Kole Pulley,Ellie Riser,Catherine Zhu,YooJin Lim
Patrick Ruoff,,,,,,,,
Jonathan Segal,YooJin Lim,Alex Colleran,Kole Pulley,Catherine Zhu,Amelia Ulmer,Mimi Poulos,Ellie Riser,Patrick Ruoff
Catherine Zhu,YooJin Lim,Mimi Poulos,Ellie Riser,Alex Colleran,Amelia Ulmer,Jonathan Segal,Patrick Ruoff,Kole Pulley
Amelia Ulmer,Jonathan Segal,Kole Pulley,Ellie Riser,Patrick Ruoff,Alex Colleran,Catherine Zhu,YooJin Lim,Mimi Poulos
Jonathan Segal,Patrick Ruoff,Alex Colleran,Kole Pulley,Catherine Zhu,Amelia Ulmer,Ellie Riser,Mimi Poulos,YooJin Lim
Ellie Riser,Kole Pulley,Jonathan Segal,Mimi Poulos,Catherine Zhu,Amelia Ulmer,Alex Colleran,YooJin Lim,Patrick Ruoff
Mimi Poulos,YooJin Lim,Catherine Zhu,Ellie Riser,Amelia Ulmer,Patrick Ruoff,Jonathan Segal,Kole Pulley,Alex Colleran
Jonathan Segal,Patrick Ruoff,Mimi Poulos,Kole Pulley,Alex Colleran,Ellie Riser,Amelia Ulmer,YooJin Lim,Catherine Zhu
Ellie Riser,Amelia Ulmer,Jonathan Segal,Mimi Poulos,YooJin Lim,Kole Pulley,Alex Colleran,Catherine Zhu,Patrick Ruoff
YooJin Lim,Jonathan Segal,Ellie Riser,Amelia Ulmer,Kole Pulley,Alex Colleran,Catherine Zhu,Mimi Poulos,Patrick Ruoff
Ellie Riser,YooJin Lim,Catherine Zhu,Mimi Poulos,Jonathan Segal,Amelia Ulmer,Alex Colleran,Kole Pulley,Patrick Ruoff
Jonathan Segal,Ellie Riser,YooJin Lim,Amelia Ulmer,Mimi Poulos,Alex Colleran,Catherine Zhu,Patrick Ruoff,Kole Pulley
Ellie Riser,Patrick Ruoff,Jonathan Segal,Alex Colleran,YooJin Lim,Catherine Zhu,Kole Pulley,Amelia Ulmer,Mimi Poulos
Jonathan Segal,Patrick Ruoff,Kole Pulley,Alex Colleran,Amelia Ulmer,Mimi Poulos,Catherine Zhu,Ellie Riser,YooJin Lim
Mimi Poulos,Ellie Riser,YooJin Lim,Jonathan Segal,Alex Colleran,Kole Pulley,Patrick Ruoff,Catherine Zhu,Amelia Ulmer
YooJin Lim,Amelia Ulmer,Jonathan Segal,Ellie Riser,Mimi Poulos,Catherine Zhu,Alex Colleran,Kole Pulley,Patrick Ruoff
Jonathan Segal,YooJin Lim,Mimi Poulos,Ellie Riser,Amelia Ulmer,Patrick Ruoff,Alex Colleran,Catherine Zhu,Kole Pulley
Ellie Riser,YooJin Lim,Patrick Ruoff,Jonathan Segal,Catherine Zhu,Mimi Poulos,Alex Colleran,Amelia Ulmer,Kole Pulley
Ellie Riser,Mimi Poulos,Alex Colleran,YooJin Lim,Jonathan Segal,Amelia Ulmer,Catherine Zhu,Kole Pulley,Patrick Ruoff
Jonathan Segal,Kole Pulley,Patrick Ruoff,Ellie Riser,Alex Colleran,Amelia Ulmer,YooJin Lim,Catherine Zhu,Mimi Poulos
YooJin Lim,Jonathan Segal,Mimi Poulos,Catherine Zhu,Kole Pulley,Alex Colleran,Amelia Ulmer,Patrick Ruoff,Ellie Riser
Jonathan Segal,Kole Pulley,YooJin Lim,Patrick Ruoff,Amelia Ulmer,Mimi Poulos,Catherine Zhu,Alex Colleran,Ellie Riser
Ellie Riser,Jonathan Segal,Amelia Ulmer,YooJin Lim,Mimi Poulos,Patrick Ruoff,Catherine Zhu,Kole Pulley,Alex Colleran
Patrick Ruoff,Mimi Poulos,Jonathan Segal,Kole Pulley,YooJin Lim,Amelia Ulmer,Alex Colleran,Catherine Zhu,Ellie Riser
YooJin Lim,Ellie Riser,Jonathan Segal,Mimi Poulos,Kole Pulley,Amelia Ulmer,Catherine Zhu,,
Kole Pulley,Alex Colleran,Patrick Ruoff,Jonathan Segal,Mimi Poulos,Catherine Zhu,Amelia Ulmer,YooJin Lim,Ellie Riser
YooJin Lim,Ellie Riser,Catherine Zhu,Mimi Poulos,Alex Colleran,Amelia Ulmer,Jonathan Segal,Patrick Ruoff,Kole Pulley
Patrick Ruoff,Kole Pulley,Alex Colleran,Jonathan Segal,Amelia Ulmer,YooJin Lim,Ellie Riser,Mimi Poulos,Catherine Zhu
Patrick Ruoff,Jonathan Segal,Alex Colleran,Kole Pulley,Amelia Ulmer,Ellie Riser,YooJin Lim,Mimi Poulos,Catherine Zhu
Amelia Ulmer,Ellie Riser,Jonathan Segal,YooJin Lim,Mimi Poulos,Catherine Zhu,Kole Pulley,Alex Colleran,Patrick Ruoff
YooJin Lim,Ellie Riser,Jonathan Segal,Mimi Poulos,Catherine Zhu,Amelia Ulmer,Alex Colleran,Kole Pulley,Patrick Ruoff
YooJin Lim,Catherine Zhu,Ellie Riser,Mimi Poulos,Amelia Ulmer,Kole Pulley,Jonathan Segal,Patrick Ruoff,Alex Colleran
YooJin Lim,Mimi Poulos,Catherine Zhu,Ellie Riser,Amelia Ulmer,Jonathan Segal,Alex Colleran,Patrick Ruoff,Kole Pulley
Alex Colleran,YooJin Lim,Jonathan Segal,Catherine Zhu,Kole Pulley,Patrick Ruoff,Amelia Ulmer,Ellie Riser,Mimi Poulos
Jonathan Segal,Amelia Ulmer,Patrick Ruoff,Catherine Zhu,Alex Colleran,Ellie Riser,YooJin Lim,Kole Pulley,Mimi Poulos
YooJin Lim,Mimi Poulos,Amelia Ulmer,Ellie Riser,Jonathan Segal,Catherine Zhu,Alex Colleran,Patrick Ruoff,Kole Pulley
Ellie Riser,YooJin Lim,Amelia Ulmer,Jonathan Segal,Catherine Zhu,Mimi Poulos,Alex Colleran,Patrick Ruoff,Kole Pulley
Kole Pulley,Alex Colleran,Jonathan Segal,Patrick Ruoff,YooJin Lim,Mimi Poulos,Amelia Ulmer,Catherine Zhu,Ellie Riser
Alex Colleran,Kole Pulley,Patrick Ruoff,Jonathan Segal,Mimi Poulos,YooJin Lim,Catherine Zhu,Amelia Ulmer,Ellie Riser
Amelia Ulmer,YooJin Lim,Catherine Zhu,Mimi Poulos,Ellie Riser,Jonathan Segal,Kole Pulley,Patrick Ruoff,Alex Colleran
Patrick Ruoff,Alex Colleran,Jonathan Segal,YooJin Lim,Mimi Poulos,Kole Pulley,Amelia Ulmer,Ellie Riser,Catherine Zhu
Jonathan Segal,Mimi Poulos,YooJin Lim,Alex Colleran,Catherine Zhu,Ellie Riser,Patrick Ruoff,Amelia Ulmer,Kole Pulley
Catherine Zhu,YooJin Lim,Mimi Poulos,Ellie Riser,Amelia Ulmer,Jonathan Segal,Alex Colleran,Kole Pulley,Patrick Ruoff
Ellie Riser,Patrick Ruoff,Jonathan Segal,YooJin Lim,Catherine Zhu,Mimi Poulos,Alex Colleran,Amelia Ulmer,Kole Pulley
Jonathan Segal,Alex Colleran,Kole Pulley,Ellie Riser,Patrick Ruoff,Catherine Zhu,Amelia Ulmer,YooJin Lim,Mimi Poulos
Jonathan Segal,Patrick Ruoff,Amelia Ulmer,Catherine Zhu,Alex Colleran,Mimi Poulos,Ellie Riser,Kole Pulley,YooJin Lim
YooJin Lim,Mimi Poulos,Jonathan Segal,Catherine Zhu,Ellie Riser,Amelia Ulmer,Alex Colleran,Patrick Ruoff,Kole Pulley
YooJin Lim,Ellie Riser,Mimi Poulos,Jonathan Segal,Alex Colleran,Amelia Ulmer,Catherine Zhu,Patrick Ruoff,Kole Pulley
Ellie Riser,YooJin Lim,Jonathan Segal,Alex Colleran,Catherine Zhu,Mimi Poulos,Patrick Ruoff,Kole Pulley,Amelia Ulmer
Catherine Zhu,Ellie Riser,YooJin Lim,Jonathan Segal,Amelia Ulmer,Mimi Poulos,Kole Pulley,Alex Colleran,Patrick Ruoff
Patrick Ruoff,Kole Pulley,Jonathan Segal,Alex Colleran,Amelia Ulmer,Mimi Poulos,Catherine Zhu,YooJin Lim,Ellie Riser
YooJin Lim,Ellie Riser,Catherine Zhu,Mimi Poulos,Jonathan Segal,Alex Colleran,Amelia Ulmer,Patrick Ruoff,Kole Pulley
Jonathan Segal,YooJin Lim,Ellie Riser,Kole Pulley,Patrick Ruoff,Mimi Poulos,Alex Colleran,Catherine Zhu,Amelia Ulmer
YooJin Lim,Ellie Riser,Catherine Zhu,Jonathan Segal,Mimi Poulos,Alex Colleran,Patrick Ruoff,Kole Pulley,Amelia Ulmer
Patrick Ruoff,YooJin Lim,Ellie Riser,Mimi Poulos,Alex Colleran,Amelia Ulmer,Jonathan Segal,Catherine Zhu,Kole Pulley
Ellie Riser,YooJin Lim,Mimi Poulos,Catherine Zhu,Amelia Ulmer,Kole Pulley,Alex Colleran,Patrick Ruoff,Jonathan Segal
Jonathan Segal,Kole Pulley,Amelia Ulmer,Patrick Ruoff,Catherine Zhu,YooJin Lim,Mimi Poulos,Ellie Riser,Alex Colleran
Jonathan Segal,YooJin Lim,Catherine Zhu,Patrick Ruoff,Mimi Poulos,Alex Colleran,Amelia Ulmer,Kole Pulley,Ellie Riser
Jonathan Segal,Kole Pulley,Patrick Ruoff,Alex Colleran,Amelia Ulmer,Ellie Riser,Mimi Poulos,Catherine Zhu,YooJin Lim
Jonathan Segal,Mimi Poulos,YooJin Lim,Kole Pulley,Patrick Ruoff,Amelia Ulmer,Alex Colleran,Ellie Riser,Catherine Zhu
Ellie Riser,Jonathan Segal,YooJin Lim,Amelia Ulmer,Mimi Poulos,Catherine Zhu,Alex Colleran,Patrick Ruoff,Kole Pulley
YooJin Lim,Catherine Zhu,Ellie Riser,Mimi Poulos,Jonathan Segal,Patrick Ruoff,Amelia Ulmer,Alex Colleran,Kole Pulley
Ellie Riser,YooJin Lim,Jonathan Segal,,,,,,
Ellie Riser,YooJin Lim,Jonathan Segal,Amelia Ulmer,,,,,
YooJin Lim,Mimi Poulos,Catherine Zhu,Jonathan Segal,Alex Colleran,Amelia Ulmer,Patrick Ruoff,Kole Pulley,Ellie Riser
Jonathan Segal,Patrick Ruoff,Alex Colleran,Ellie Riser,Amelia Ulmer,Catherine Zhu,YooJin Lim,Kole Pulley,Mimi Poulos
YooJin Lim,Mimi Poulos,Ellie Riser,Jonathan Segal,Catherine Zhu,Amelia Ulmer,Alex Colleran,Kole Pulley,Patrick Ruoff
Jonathan Segal,Patrick Ruoff,Mimi Poulos,Alex Colleran,YooJin Lim,Amelia Ulmer,Catherine Zhu,Kole Pulley,Ellie Riser
Ellie Riser,Mimi Poulos,Patrick Ruoff,Alex Colleran,Amelia Ulmer,Jonathan Segal,Catherine Zhu,YooJin Lim,Kole Pulley
Mimi Poulos,YooJin Lim,Catherine Zhu,Ellie Riser,Jonathan Segal,Alex Colleran,Amelia Ulmer,Kole Pulley,Patrick Ruoff
Mimi Poulos,Catherine Zhu,YooJin Lim,Jonathan Segal,Patrick Ruoff,Kole Pulley,Amelia Ulmer,Ellie Riser,Alex Colleran
Ellie Riser,Catherine Zhu,YooJin Lim,Mimi Poulos,Alex Colleran,Jonathan Segal,Kole Pulley,Patrick Ruoff,Amelia Ulmer
Patrick Ruoff,Alex Colleran,Mimi Poulos,Jonathan Segal,Kole Pulley,Amelia Ulmer,YooJin Lim,Catherine Zhu,
Ellie Riser,YooJin Lim,Catherine Zhu,Jonathan Segal,Kole Pulley,Mimi Poulos,Alex Colleran,Amelia Ulmer,Patrick Ruoff
Kole Pulley,Alex Colleran,Amelia Ulmer,Jonathan Segal,Patrick Ruoff,Mimi Poulos,YooJin Lim,Catherine Zhu,Ellie Riser
Jonathan Segal,Amelia Ulmer,Alex Colleran,Mimi Poulos,YooJin Lim,Patrick Ruoff,Catherine Zhu,Kole Pulley,Ellie Riser
Catherine Zhu,Alex Colleran,Kole Pulley,Amelia Ulmer,Jonathan Segal,Mimi Poulos,YooJin Lim,Patrick Ruoff,Ellie Riser
Jonathan Segal,Mimi Poulos,YooJin Lim,Catherine Zhu,Amelia Ulmer,Ellie Riser,Alex Colleran,Patrick Ruoff,Kole Pulley
YooJin Lim,Mimi Poulos,Ellie Riser,Catherine Zhu,Amelia Ulmer,Alex Colleran,Kole Pulley,Jonathan Segal,Patrick Ruoff
Ellie Riser,Jonathan Segal,YooJin Lim,Mimi Poulos,Catherine Zhu,Kole Pulley,Alex Colleran,Amelia Ulmer,Patrick Ruoff
Catherine Zhu,YooJin Lim,Mimi Poulos,Alex Colleran,Amelia Ulmer,Patrick Ruoff,Kole Pulley,Ellie Riser,Jonathan Segal
Jonathan Segal,Mimi Poulos,YooJin Lim,Alex Colleran,Catherine Zhu,Patrick Ruoff,Amelia Ulmer,Ellie Riser,Kole Pulley
Mimi Poulos,Patrick Ruoff,Jonathan Segal,Ellie Riser,Alex Colleran,Amelia Ulmer,Catherine Zhu,YooJin Lim,Kole Pulley
Ellie Riser,Alex Colleran,Jonathan Segal,Amelia Ulmer,Kole Pulley,Patrick Ruoff,Mimi Poulos,Catherine Zhu,YooJin Lim
YooJin Lim,Mimi Poulos,Catherine Zhu,Jonathan Segal,Alex Colleran,Amelia Ulmer,Ellie Riser,Kole Pulley,Patrick Ruoff
YooJin Lim,Ellie Riser,Mimi Poulos,Jonathan Segal,Amelia Ulmer,Catherine Zhu,Alex Colleran,Patrick Ruoff,Kole Pulley
YooJin Lim,Jonathan Segal,Mimi Poulos,Catherine Zhu,Kole Pulley,Amelia Ulmer,Alex Colleran,Ellie Riser,Patrick Ruoff
Mimi Poulos,Amelia Ulmer,Jonathan Segal,YooJin Lim,Alex Colleran,Catherine Zhu,Ellie Riser,Patrick Ruoff,Kole Pulley
Jonathan Segal,YooJin Lim,Ellie Riser,Amelia Ulmer,Mimi Poulos,Alex Colleran,Catherine Zhu,Patrick Ruoff,Kole Pulley
YooJin Lim,Mimi Poulos,Ellie Riser,Jonathan Segal,Alex Colleran,Catherine Zhu,Amelia Ulmer,Kole Pulley,Patrick Ruoff
Ellie Riser,YooJin Lim,Jonathan Segal,Alex Colleran,Kole Pulley,Mimi Poulos,Amelia Ulmer,Catherine Zhu,Patrick Ruoff
YooJin Lim,Mimi Poulos,Kole Pulley,Patrick Ruoff,Catherine Zhu,Jonathan Segal,Ellie Riser,Amelia Ulmer,Alex Colleran
Mimi Poulos,YooJin Lim,Catherine Zhu,Alex Colleran,Amelia Ulmer,Ellie Riser,Jonathan Segal,Patrick Ruoff,Kole Pulley
Jonathan Segal,YooJin Lim,Mimi Poulos,Kole Pulley,Catherine Zhu,Alex Colleran,Patrick Ruoff,Amelia Ulmer,Ellie Riser
Jonathan Segal,Mimi Poulos,YooJin Lim,Amelia Ulmer,Catherine Zhu,Ellie Riser,Alex Colleran,Kole Pulley,Patrick Ruoff
YooJin Lim,Mimi Poulos,Jonathan Segal,Amelia Ulmer,Alex Colleran,Catherine Zhu,Kole Pulley,Ellie Riser,Patrick Ruoff
YooJin Lim,Catherine Zhu,Patrick Ruoff,Ellie Riser,Mimi Poulos,Amelia Ulmer,Kole Pulley,Alex Colleran,Jonathan Segal
Patrick Ruoff,Alex Colleran,Jonathan Segal,,,,,,
Alex Colleran,Jonathan Segal,YooJin Lim,Kole Pulley,Amelia Ulmer,Patrick Ruoff,Catherine Zhu,Ellie Riser,Mimi Poulos
YooJin Lim,Mimi Poulos,Jonathan Segal,Patrick Ruoff,Alex Colleran,Kole Pulley,Amelia Ulmer,Ellie Riser,Catherine Zhu
Mimi Poulos,YooJin Lim,Jonathan Segal,Catherine Zhu,Amelia Ulmer,Kole Pulley,Patrick Ruoff,Alex Colleran,Ellie Riser
YooJin Lim,Ellie Riser,Mimi Poulos,Catherine Zhu,Jonathan Segal,Amelia Ulmer,Kole Pulley,Alex Colleran,Patrick Ruoff
Jonathan Segal,YooJin Lim,Ellie Riser,Amelia Ulmer,Alex Colleran,Catherine Zhu,Kole Pulley,Mimi Poulos,Patrick Ruoff
Jonathan Segal,Alex Colleran,Kole Pulley,Patrick Ruoff,Catherine Zhu,Ellie Riser,Mimi Poulos,YooJin Lim,Amelia Ulmer
Catherine Zhu,YooJin Lim,Kole Pulley,Mimi Poulos,Amelia Ulmer,Ellie Riser,Jonathan Segal,Patrick Ruoff,Alex Colleran
Jonathan Segal,Patrick Ruoff,Alex Colleran,Amelia Ulmer,Kole Pulley,YooJin Lim,Catherine Zhu,Mimi Poulos,Ellie Riser
Jonathan Segal,Alex Colleran,Catherine Zhu,Kole Pulley,Ellie Riser,Mimi Poulos,YooJin Lim,Patrick Ruoff,Amelia Ulmer
YooJin Lim,Mimi Poulos,Ellie Riser,Jonathan Segal,Catherine Zhu,Amelia Ulmer,Kole Pulley,Patrick Ruoff,Alex Colleran
Alex Colleran,Jonathan Segal,Kole Pulley,Patrick Ruoff,YooJin Lim,Catherine Zhu,Amelia Ulmer,Ellie Riser,Mimi Poulos
Kole Pulley,YooJin Lim,Jonathan Segal,Ellie Riser,Amelia Ulmer,Patrick Ruoff,Catherine Zhu,Mimi Poulos,Alex Colleran
Catherine Zhu,YooJin Lim,Mimi Poulos,Jonathan Segal,Patrick Ruoff,Amelia Ulmer,Ellie Riser,Kole Pulley,Alex Colleran
Jonathan Segal,Mimi Poulos,YooJin Lim,Amelia Ulmer,Alex Colleran,Patrick Ruoff,Catherine Zhu,Kole Pulley,Ellie Riser
Kole Pulley,Catherine Zhu,Mimi Poulos,Amelia Ulmer,Patrick Ruoff,Jonathan Segal,Alex Colleran,YooJin Lim,Ellie Riser
Catherine Zhu,Mimi Poulos,YooJin Lim,Jonathan Segal,Amelia Ulmer,Patrick Ruoff,Alex Colleran,Kole Pulley,Ellie Riser
Jonathan Segal,Mimi Poulos,Alex Colleran,Amelia Ulmer,Patrick Ruoff,Catherine Zhu,Kole Pulley,YooJin Lim,Ellie Riser
YooJin Lim,Mimi Poulos,Ellie Riser,Alex Colleran,Jonathan Segal,Catherine Zhu,Amelia Ulmer,Kole Pulley,Patrick Ruoff
Kole Pulley,YooJin Lim,Jonathan Segal,Alex Colleran,Amelia Ulmer,Patrick Ruoff,Catherine Zhu,Mimi Poulos,Ellie Riser
Kole Pulley,Jonathan Segal,YooJin Lim,Alex Colleran,Amelia Ulmer,Mimi Poulos,Catherine Zhu,Patrick Ruoff,Ellie Riser
Patrick Ruoff,,,,,,,,
Ellie Riser,Catherine Zhu,Jonathan Segal,Alex Colleran,Amelia Ulmer,Patrick Ruoff,Kole Pulley,YooJin Lim,Mimi Poulos
Ellie Riser,YooJin Lim,Catherine Zhu,Amelia Ulmer,Kole Pulley,Alex Colleran,Patrick Ruoff,Mimi Poulos,Jonathan Segal
Ellie Riser,Jonathan Segal,Catherine Zhu,Patrick Ruoff,Alex Colleran,Kole Pulley,YooJin Lim,Amelia Ulmer,Mimi Poulos
Jonathan Segal,Ellie Riser,Catherine Zhu,YooJin Lim,Mimi Poulos,Alex Colleran,Amelia Ulmer,Patrick Ruoff,Kole Pulley
Ellie Riser,Jonathan Segal,Amelia Ulmer,Alex Colleran,Mimi Poulos,YooJin Lim,Catherine Zhu,Patrick Ruoff,Kole Pulley
YooJin Lim,Jonathan Segal,Patrick Ruoff,Catherine Zhu,Kole Pulley,Mimi Poulos,Alex Colleran,Amelia Ulmer,Ellie Riser
Ellie Riser,Alex Colleran,Patrick Ruoff,Kole Pulley,Jonathan Segal,YooJin Lim,Catherine Zhu,Mimi Poulos,Amelia Ulmer
Mimi Poulos,YooJin Lim,Jonathan Segal,Ellie Riser,Catherine Zhu,Alex Colleran,Amelia Ulmer,Patrick Ruoff,Kole Pulley
Catherine Zhu,YooJin Lim,Ellie Riser,Amelia Ulmer,Jonathan Segal,Alex Colleran,Kole Pulley,Mimi Poulos,Patrick Ruoff
Mimi Poulos,Ellie Riser,YooJin Lim,Jonathan Segal,Catherine Zhu,Amelia Ulmer,Alex Colleran,Kole Pulley,Patrick Ruoff
Jonathan Segal,Patrick Ruoff,YooJin Lim,Alex Colleran,Mimi Poulos,Kole Pulley,Ellie Riser,Catherine Zhu,Amelia Ulmer
Jonathan Segal,YooJin Lim,Ellie Riser,Catherine Zhu,Mimi Poulos,Amelia Ulmer,Patrick Ruoff,Alex Colleran,Kole Pulley
Mimi Poulos,Kole Pulley,Catherine Zhu,Ellie Riser,Patrick Ruoff,Alex Colleran,Amelia Ulmer,YooJin Lim,Jonathan Segal
Mimi Poulos,Catherine Zhu,YooJin Lim,Jonathan Segal,Amelia Ulmer,Kole Pulley,Alex Colleran,Ellie Riser,Patrick Ruoff
Jonathan Segal,Mimi Poulos,Kole Pulley,Alex Colleran,YooJin Lim,Amelia Ulmer,Catherine Zhu,Patrick Ruoff,Ellie Riser
Jonathan Segal,Patrick Ruoff,Alex Colleran,Kole Pulley,Amelia Ulmer,Catherine Zhu,YooJin Lim,Ellie Riser,Mimi Poulos
Alex Colleran,Jonathan Segal,Patrick Ruoff,Mimi Poulos,Kole Pulley,Amelia Ulmer,Catherine Zhu,YooJin Lim,Ellie Riser
YooJin Lim,Ellie Riser,Mimi Poulos,Amelia Ulmer,Jonathan Segal,Kole Pulley,Catherine Zhu,Patrick Ruoff,Alex Colleran
Ellie Riser,Jonathan Segal,YooJin Lim,Mimi Poulos,Amelia Ulmer,Catherine Zhu,Kole Pulley,Alex Colleran,Patrick Ruoff
YooJin Lim,Jonathan Segal,Amelia Ulmer,Catherine Zhu,Mimi Poulos,Ellie Riser,Alex Colleran,Kole Pulley,Patrick Ruoff
Jonathan Segal,Kole Pulley,Mimi Poulos,YooJin Lim,Amelia Ulmer,Alex Colleran,Patrick Ruoff,Ellie Riser,Catherine Zhu
Kole Pulley,Mimi Poulos,YooJin Lim,Amelia Ulmer,Alex Colleran,Patrick Ruoff,Catherine Zhu,Jonathan Segal,Ellie Riser
YooJin Lim,Alex Colleran,Jonathan Segal,Kole Pulley,Patrick Ruoff,Catherine Zhu,Mimi Poulos,Amelia Ulmer,Ellie Riser
YooJin Lim,Ellie Riser,Amelia Ulmer,Jonathan Segal,Kole Pulley,Alex Colleran,Mimi Poulos,Patrick Ruoff,Catherine Zhu
Jonathan Segal,YooJin Lim,Alex Colleran,Catherine Zhu,Amelia Ulmer,Kole Pulley,Patrick Ruoff,Ellie Riser,Mimi Poulos
Mimi Poulos,YooJin Lim,Catherine Zhu,Alex Colleran,Jonathan Segal,Kole Pulley,Amelia Ulmer,Patrick Ruoff,Ellie Riser
Alex Colleran,Ellie Riser,Kole Pulley,YooJin Lim,Jonathan Segal,Patrick Ruoff,Catherine Zhu,Amelia Ulmer,Mimi Poulos
YooJin Lim,Kole Pulley,Alex Colleran,Catherine Zhu,Patrick Ruoff,Jonathan Segal,Mimi Poulos,Amelia Ulmer,Ellie Riser
Ellie Riser,YooJin Lim,Catherine Zhu,Mimi Poulos,Amelia Ulmer,Jonathan Segal,Alex Colleran,Patrick Ruoff,Kole Pulley